Workbook

Sheet Pipeline_Activity_Data
A1: Case ID | B1: Tanggal | C1: Periode | D1: Minggu | E1: Region | F1: Area | G1: Cabang | H1: Supervisor | I1: Sales | J1: NIP Sales | K1: Produk | L1: Sumber Pipeline | M1: Segment Nasabah | N1: Stage Pipeline | O1: Stage Score | P1: Activity | Q1: Jenis Activity | R1: Tanggal Follow Up Terakhir | S1: Aging Pipeline | T1: Plafond | U1: Status Cair | V1: Status Dokumen | W1: Kendala | X1: Alasan Batal Reject | Y1: Next Action | Z1: Keterangan | AA1: Quality Tag | AB1: Risiko | AC1: Expected Insight Label
A2: CASE-00001 | B2: 46202 | C2: 2026-06 | D2: W5 | E2: RO JAKARTA 1 | F2: JAKARTA UTARA | G2: KCP KELAPA GADING | H2: SPV Kartika Nugroho | I2: Taufik Pertiwi | J2: S0303004 | K2: Pensiun Berkah | L2: Event Sosialisasi | M2: Pensiunan | N2: Dingin | O2: 2 | P2: 2 | Q2: Kunjungan | R2: 46198 | S2: 5 | T2: 135000000 | U2: Belum Cair | V2: Belum Ada | W2: Perlu edukasi manfaat | Y2: Follow-up berkala | Z2: Pipeline awal + activity rendah. | AA2: Pipeline awal dominan | AB2: Pipeline awal + activity rendah | AC2: Pipeline awal dominan
A3: CASE-00002 | B3: 46195 | C3: 2026-06 | D3: W4 | E3: RO BANDUNG | F3: GARUT | G3: KC CIMAHI | H3: SPV Dimas Wijaya | I3: Fajar Utami | J3: S0503006 | K3: Pensiun Berkah | L3: Telemarketing | M3: Pra Pensiun | N3: Hangat | O3: 3 | P3: 10 | Q3: Koordinasi Cabang | R3: 46190 | S3: 13 | T3: 98000000 | U3: Belum Cair | V3: Sebagian | W3: Menunggu keputusan keluarga | Y3: Follow-up komitmen | Z3: Butuh penguatan follow-up. | AA3: Konversi cukup baik | AB3: Butuh penguatan follow-up | AC3: Konversi cukup baik
A4: CASE-00003 | B4: 46199 | C4: 2026-06 | D4: W4 | E4: RO BANDUNG | F4: GARUT | G4: KC BANDUNG | H4: SPV Hani Kusuma | I4: Bella Nugroho | J4: S0502004 | K4: Pensiun Berkah | L4: Nasabah Eksisting | M4: Pra Pensiun | N4: Hangat | O4: 3 | P4: 10 | Q4: Reminder Pemberkasan | R4: 46190 | S4: 13 | T4: 188000000 | U4: Belum Cair | V4: Lengkap | W4: Perlu simulasi angsuran | Y4: Handling objection | Z4: Butuh penguatan follow-up. | AA4: Konversi cukup baik | AB4: Butuh penguatan follow-up | AC4: Konversi cukup baik
A5: CASE-00004 | B5: 46189 | C5: 2026-06 | D5: W3 | E5: RO SEMARANG | F5: SEMARANG KOTA | G5: KC SOLO | H5: SPV Nabila Anggraini | I5: Nabila Saputra | J5: S0601007 | K5: Pensiun Berkah | L5: Database Internal | M5: BUMN | N5: Tidak Bertemu | O5: 1 | P5: 5 | Q5: Follow-up WA | R5: 46180 | S5: 23 | T5: 229000000 | U5: Belum Cair | V5: Belum Ada | W5: Nasabah belum dapat dihubungi | Y5: Cek database alternatif | Z5: Perlu monitoring. | AA5: Pipeline menengah berkembang | AB5: Perlu monitoring | AC5: Pipeline menengah berkembang
A6: CASE-00005 | B6: 46195 | C6: 2026-06 | D6: W4 | E6: RO BANDUNG | F6: BANDUNG KOTA | G6: KC BANDUNG | H6: SPV Eka Saputra | I6: Lukman Santoso | J6: S0501005 | K6: Pensiun Reguler | L6: Event Sosialisasi | M6: Swasta | N6: Panas | O6: 4 | P6: 14 | Q6: Reminder Pemberkasan | R6: 46187 | S6: 16 | T6: 171000000 | U6: Belum Cair | V6: Sebagian | W6: Menunggu jadwal collect dokumen | Y6: Konfirmasi komitmen | Z6: Bottleneck tahap akhir. | AA6: Konversi cukup baik | AB6: Bottleneck tahap akhir | AC6: Konversi cukup baik
A7: CASE-00006 | B7: 46181 | C7: 2026-06 | D7: W2 | E7: RO SURABAYA 1 | F7: SURABAYA KOTA | G7: KC GRESIK | H7: SPV Lukman Lestari | I7: Yoga Pertiwi | J7: S0702006 | K7: Mitraguna | L7: Nasabah Eksisting | M7: ASN | N7: Panas | O7: 4 | P7: 15 | Q7: Validasi Data | R7: 46177 | S7: 26 | T7: 100000000 | U7: Belum Cair | V7: Sebagian | W7: Menunggu jadwal collect dokumen | Y7: Eskalasi jika tertahan | Z7: Bottleneck tahap akhir. | AA7: High performer | AB7: Bottleneck tahap akhir | AC7: High performer
A8: CASE-00007 | B8: 46183 | C8: 2026-06 | D8: W2 | E8: RO MAKASSAR | F8: MAROS | G8: KCP PANAKKUKANG | H8: SPV Dewi Aulia | I8: Dimas Santoso | J8: S0801007 | K8: Top Up Pensiun | L8: Nasabah Eksisting | M8: ASN | N8: Panas | O8: 4 | P8: 11 | Q8: Follow-up WA | R8: 46177 | S8: 26 | T8: 190000000 | U8: Belum Cair | V8: Sebagian | W8: Menunggu jadwal collect dokumen | X8: Menunggu kelengkapan dokumen | Y8: Eskalasi jika tertahan | Z8: Bottleneck tahap akhir. | AA8: Pipeline matang stabil | AB8: Bottleneck tahap akhir | AC8: Pipeline matang stabil
A9: CASE-00008 | B9: 46201 | C9: 2026-06 | D9: W4 | E9: RO ACEH | F9: BANDA ACEH | G9: KC BANDA ACEH | H9: SPV Jihan Fauzi | I9: Rizal Pratama | J9: S0102005 | K9: Pra Pensiun | L9: Telemarketing | M9: Pensiunan | N9: Tidak Bertemu | O9: 1 | P9: 6 | Q9: Kunjungan | R9: 46194 | S9: 9 | T9: 284000000 | U9: Belum Cair | V9: Belum Ada | W9: Nasabah belum dapat dihubungi | Y9: Cek database alternatif | Z9: Perlu monitoring. | AA9: Bottleneck tahap akhir | AB9: Perlu monitoring | AC9: Bottleneck tahap akhir
A10: CASE-00009 | B10: 46198 | C10: 2026-06 | D10: W4 | E10: RO MAKASSAR | F10: MAROS | G10: KC MAKASSAR | H10: SPV Citra Hidayat | I10: Putri Rahman | J10: S0802002 | K10: Mitraguna | L10: Telemarketing | M10: Payroll | N10: Pemberkasan | O10: 5 | P10: 9 | Q10: Reminder Pemberkasan | R10: 46198 | S10: 5 | T10: 67000000 | U10: Belum Cair | V10: Lengkap | W10: Menunggu proses administrasi | Y10: Lengkapi berkas | Z10: Bottleneck tahap akhir. | AA10: Pipeline matang stabil | AB10: Bottleneck tahap akhir | AC10: Pipeline matang stabil
A11: CASE-00010 | B11: 46176 | C11: 2026-06 | D11: W1 | E11: RO ACEH | F11: BANDA ACEH | G11: KCP SAKTI | H11: SPV Hendra Pratama | I11: Gita Ananda | J11: S0101003 | K11: Mitraguna | L11: Event Sosialisasi | M11: Pensiunan | N11: Hangat | O11: 3 | P11: 7 | Q11: Collect Dokumen | R11: 46167 | S11: 36 | T11: 223000000 | U11: Belum Cair | V11: Lengkap | W11: Perlu simulasi angsuran | Y11: Handling objection | Z11: Butuh penguatan follow-up. | AA11: Bottleneck tahap akhir | AB11: Butuh penguatan follow-up | AC11: Bottleneck tahap akhir
A12: CASE-00011 | B12: 46196 | C12: 2026-06 | D12: W4 | E12: RO SURABAYA 1 | F12: SIDOARJO | G12: KC GRESIK | H12: SPV Lukman Lestari | I12: Jihan Permata | J12: S0702001 | K12: Pensiun Reguler | L12: Nasabah Eksisting | M12: Pra Pensiun | N12: Pemberkasan | O12: 5 | P12: 16 | Q12: Follow-up Telepon | R12: 46194 | S12: 9 | T12: 236000000 | U12: Belum Cair | V12: Perlu Revisi | W12: Dokumen pendukung belum lengkap | X12: Menunggu kelengkapan dokumen | Y12: Lengkapi berkas | Z12: Bottleneck tahap akhir. | AA12: High performer | AB12: Bottleneck tahap akhir | AC12: High performer
A13: CASE-00012 | B13: 46184 | C13: 2026-06 | D13: W2 | E13: RO SURABAYA 1 | F13: GRESIK | G13: KCP WARU | H13: SPV Taufik Rahman | I13: Vina Lestari | J13: S0703005 | K13: Pra Pensiun | L13: Sapa Kebun | M13: BUMN | N13: Panas | O13: 4 | P13: 16 | Q13: Koordinasi Cabang | R13: 46182 | S13: 21 | T13: 235000000 | U13: Belum Cair | V13: Sebagian | W13: Menunggu jadwal collect dokumen | Y13: Konfirmasi komitmen | Z13: Bottleneck tahap akhir. | AA13: High performer | AB13: Bottleneck tahap akhir | AC13: High performer
A14: CASE-00013 | B14: 46195 | C14: 2026-06 | D14: W4 | E14: RO JAKARTA 2 | F14: JAKARTA TIMUR | G14: KC BEKASI | H14: SPV Kurnia Pratama | I14: Sinta Maulana | J14: S0401001 | K14: Pensiun Berkah | L14: Telemarketing | M14: Swasta | N14: Hangat | O14: 3 | P14: 11 | Q14: Kunjungan | R14: 46186 | S14: 17 | T14: 213000000 | U14: Belum Cair | V14: Sebagian | W14: Butuh follow-up lanjutan | Y14: Tetapkan next step | Z14: Butuh penguatan follow-up. | AA14: Activity tinggi namun hasil rendah | AB14: Butuh penguatan follow-up | AC14: Activity tinggi namun hasil rendah
A15: CASE-00014 | B15: 46198 | C15: 2026-06 | D15: W4 | E15: RO SEMARANG | F15: KUDUS | G15: KCP UNGARAN | H15: SPV Nabila Anggraini | I15: Zaki Pratama | J15: S0601002 | K15: Mitraguna | L15: Telemarketing | M15: Non Payroll | N15: Hangat | O15: 3 | P15: 8 | Q15: Koordinasi Cabang | R15: 46190 | S15: 13 | T15: 162000000 | U15: Belum Cair | V15: Sebagian | W15: Perlu simulasi angsuran | Y15: Simulasi angsuran | Z15: Butuh penguatan follow-up. | AA15: Pipeline menengah berkembang | AB15: Butuh penguatan follow-up | AC15: Pipeline menengah berkembang
A16: CASE-00015 | B16: 46175 | C16: 2026-06 | D16: W1 | E16: RO ACEH | F16: ACEH TIMUR | G16: KCP SAKTI | H16: SPV Hendra Pratama | I16: Dimas Saputra | J16: S0101005 | K16: Pra Pensiun | L16: Walk-in | M16: ASN | N16: Panas | O16: 4 | P16: 12 | Q16: Collect Dokumen | R16: 46171 | S16: 32 | T16: 124000000 | U16: Belum Cair | V16: Sebagian | W16: Menunggu komitmen nasabah | Y16: Eskalasi jika tertahan | Z16: Bottleneck tahap akhir. | AA16: Bottleneck tahap akhir | AB16: Bottleneck tahap akhir | AC16: Bottleneck tahap akhir
A17: CASE-00016 | B17: 46187 | C17: 2026-06 | D17: W2 | E17: RO MEDAN | F17: DELI SERDANG | G17: KCP MARELAN | H17: SPV Ulfa Saputra | I17: Ulfa Lestari | J17: S0203004 | K17: Mitraguna | L17: Database Internal | M17: Payroll | N17: Dingin | O17: 2 | P17: 3 | Q17: Follow-up Telepon | R17: 46183 | S17: 20 | T17: 106000000 | U17: Tidak Cair | V17: Belum Ada | W17: Minat masih rendah | X17: BI Checking | Y17: Segmentasi ulang prospek | Z17: Pipeline awal + activity rendah. | AA17: Kinerja seimbang | AB17: Pipeline awal + activity rendah | AC17: Kinerja seimbang
A18: CASE-00017 | B18: 46199 | C18: 2026-06 | D18: W4 | E18: RO SEMARANG | F18: SOLO | G18: KC SEMARANG | H18: SPV Sinta Aulia | I18: Naufal Pertiwi | J18: S0603007 | K18: Top Up Pensiun | L18: Referal Cabang | M18: Non Payroll | N18: Panas | O18: 4 | P18: 8 | Q18: Koordinasi Cabang | R18: 46189 | S18: 14 | T18: 189000000 | U18: Belum Cair | V18: Sebagian | W18: Perlu validasi plafond | Y18: Eskalasi jika tertahan | Z18: Bottleneck tahap akhir. | AA18: Pipeline menengah berkembang | AB18: Bottleneck tahap akhir | AC18: Pipeline menengah berkembang
A19: CASE-00018 | B19: 46187 | C19: 2026-06 | D19: W2 | E19: RO MAKASSAR | F19: GOWA | G19: KCP PANAKKUKANG | H19: SPV Lina Maulana | I19: Galih Syahputra | J19: S0803005 | K19: Pensiun Berkah | L19: Event Sosialisasi | M19: Payroll | N19: Dingin | O19: 2 | P19: 12 | Q19: Collect Dokumen | R19: 46182 | S19: 21 | T19: 247000000 | U19: Belum Cair | V19: Sebagian | W19: Perlu edukasi manfaat | Y19: Segmentasi ulang prospek | Z19: Activity tinggi belum cair. | AA19: Pipeline matang stabil | AB19: Activity tinggi belum cair | AC19: Pipeline matang stabil
A20: CASE-00019 | B20: 46187 | C20: 2026-06 | D20: W2 | E20: RO MEDAN | F20: BINJAI | G20: KCP MARELAN | H20: SPV Ulfa Saputra | I20: Ulfa Lestari | J20: S0203004 | K20: Pra Pensiun | L20: Nasabah Eksisting | M20: Swasta | N20: Cair | O20: 7 | P20: 12 | Q20: Koordinasi Cabang | R20: 46182 | S20: 21 | T20: 191000000 | U20: Cair | V20: Lengkap | W20: Dokumen selesai | Y20: Dokumentasi realisasi | Z20: Terkonversi. | AA20: Kinerja seimbang | AB20: Terkonversi | AC20: Kinerja seimbang
A21: CASE-00020 | B21: 46198 | C21: 2026-06 | D21: W4 | E21: RO SURABAYA 1 | F21: SURABAYA KOTA | G21: KC GRESIK | H21: SPV Ulfa Permata | I21: Ulfa Aulia | J21: S0701004 | K21: Pensiun Berkah | L21: Walk-in | M21: Payroll | N21: Hangat | O21: 3 | P21: 14 | Q21: Follow-up Telepon | R21: 46192 | S21: 11 | T21: 63000000 | U21: Belum Cair | V21: Belum Ada | W21: Nasabah masih mempertimbangkan | Y21: Simulasi angsuran | Z21: Activity tinggi belum cair. | AA21: High performer | AB21: Activity tinggi belum cair | AC21: High performer
A22: CASE-00021 | B22: 46181 | C22: 2026-06 | D22: W2 | E22: RO JAKARTA 2 | F22: JAKARTA SELATAN | G22: KC JAKARTA FATMAWATI | H22: SPV Yuni Nugroho | I22: Vina Pratama | J22: S0403004 | K22: Mitraguna | L22: Nasabah Eksisting | M22: BUMN | N22: Cair | O22: 7 | P22: 14 | Q22: Validasi Data | R22: 46179 | S22: 24 | T22: 398000000 | U22: Cair | V22: Lengkap | W22: Realisasi selesai | Y22: Maintenance nasabah | Z22: Terkonversi. | AA22: Activity tinggi namun hasil rendah | AB22: Terkonversi | AC22: Activity tinggi namun hasil rendah
A23: CASE-00022 | B23: 46189 | C23: 2026-06 | D23: W3 | E23: RO SURABAYA 1 | F23: SIDOARJO | G23: KCP MANYAR | H23: SPV Lukman Lestari | I23: Yoga Pertiwi | J23: S0702006 | K23: Pra Pensiun | L23: Database Internal | M23: BUMN | N23: Perjanjian | O23: 6 | P23: 16 | Q23: Reminder Pemberkasan | R23: 46182 | S23: 21 | T23: 322000000 | U23: Menunggu Pencairan | V23: Perlu Revisi | W23: Administrasi akhir belum selesai | Y23: Cek administrasi akhir | Z23: Bottleneck tahap akhir. | AA23: High performer | AB23: Bottleneck tahap akhir | AC23: High performer
A24: CASE-00023 | B24: 46189 | C24: 2026-06 | D24: W3 | E24: RO JAKARTA 1 | F24: JAKARTA UTARA | G24: KCP GROGOL | H24: SPV Kartika Nugroho | I24: Sinta Lestari | J24: S0303005 | K24: Pra Pensiun | L24: Nasabah Eksisting | M24: Non Payroll | N24: Panas | O24: 4 | P24: 4 | Q24: Koordinasi Cabang | R24: 46184 | S24: 19 | T24: 400000000 | U24: Belum Cair | V24: Sebagian | W24: Menunggu jadwal collect dokumen | Y24: Eskalasi jika tertahan | Z24: Bottleneck tahap akhir. | AA24: Pipeline awal dominan | AB24: Bottleneck tahap akhir | AC24: Pipeline awal dominan
A25: CASE-00024 | B25: 46190 | C25: 2026-06 | D25: W3 | E25: RO JAKARTA 2 | F25: BEKASI | G25: KC BEKASI | H25: SPV Yuni Nugroho | I25: Oscar Pratama | J25: S0403007 | K25: Pensiun Berkah | L25: Event Sosialisasi | M25: BUMN | N25: Hangat | O25: 3 | P25: 11 | Q25: Collect Dokumen | R25: 46181 | S25: 22 | T25: 187000000 | U25: Belum Cair | V25: Belum Ada | W25: Perlu simulasi angsuran | Y25: Tetapkan next step | Z25: Butuh penguatan follow-up. | AA25: Activity tinggi namun hasil rendah | AB25: Butuh penguatan follow-up | AC25: Activity tinggi namun hasil rendah
A26: CASE-00025 | B26: 46196 | C26: 2026-06 | D26: W4 | E26: RO ACEH | F26: BANDA ACEH | G26: KCP BANDAR BARU | H26: SPV Jihan Fauzi | I26: Vina Permata | J26: S0102007 | K26: Pra Pensiun | L26: Event Sosialisasi | M26: Pensiunan | N26: Hangat | O26: 3 | P26: 15 | Q26: Follow-up WA | R26: 46189 | S26: 14 | T26: 216000000 | U26: Belum Cair | V26: Sebagian | W26: Nasabah masih mempertimbangkan | Y26: Follow-up komitmen | Z26: Activity tinggi belum cair. | AA26: Bottleneck tahap akhir | AB26: Activity tinggi belum cair | AC26: Bottleneck tahap akhir
A27: CASE-00026 | B27: 46187 | C27: 2026-06 | D27: W2 | E27: RO ACEH | F27: ACEH TIMUR | G27: KC LHOKSEUMAWE | H27: SPV Hendra Pratama | I27: Gita Ananda | J27: S0101003 | K27: Pensiun Berkah | L27: Sapa Kebun | M27: Payroll | N27: Panas | O27: 4 | P27: 7 | Q27: Reminder Pemberkasan | R27: 46178 | S27: 25 | T27: 87000000 | U27: Belum Cair | V27: Sebagian | W27: Menunggu jadwal collect dokumen | Y27: Validasi dokumen | Z27: Bottleneck tahap akhir. | AA27: Bottleneck tahap akhir | AB27: Bottleneck tahap akhir | AC27: Bottleneck tahap akhir
A28: CASE-00027 | B28: 46187 | C28: 2026-06 | D28: W2 | E28: RO SEMARANG | F28: SOLO | G28: KC KUDUS | H28: SPV Nabila Anggraini | I28: Dewi Wijaya | J28: S0601001 | K28: Pensiun Berkah | L28: Referal Cabang | M28: Payroll | N28: Cair | O28: 7 | P28: 15 | Q28: Follow-up WA | R28: 46183 | S28: 20 | T28: 130000000 | U28: Terealisasi | V28: Lengkap | W28: Dokumen selesai | Y28: Maintenance nasabah | Z28: Terkonversi. | AA28: Pipeline menengah berkembang | AB28: Terkonversi | AC28: Pipeline menengah berkembang
A29: CASE-00028 | B29: 46195 | C29: 2026-06 | D29: W4 | E29: RO BANDUNG | F29: BANDUNG KOTA | G29: KCP DAGO | H29: SPV Dimas Wijaya | I29: Farah Ananda | J29: S0503003 | K29: Mitraguna | L29: Event Sosialisasi | M29: Payroll | N29: Hangat | O29: 3 | P29: 12 | Q29: Koordinasi Cabang | R29: 46195 | S29: 8 | T29: 214000000 | U29: Belum Cair | V29: Belum Ada | W29: Butuh follow-up lanjutan | Y29: Handling objection | Z29: Activity tinggi belum cair. | AA29: Konversi cukup baik | AB29: Activity tinggi belum cair | AC29: Konversi cukup baik
... A32: CASE-00031 | B32: 46203 | C32: 2026-06 | D32: W5 | E32: RO ACEH | F32: ACEH BARAT | G32: KCP BANDAR BARU | H32: SPV Hendra Pratama | I32: Fajar Mahendra | J32: S0101004 | K32: Mitraguna | L32: Sapa Kebun | M32: BUMN | N32: Perjanjian | O32: 6 | P32: 10 | Q32: Validasi Data | R32: 46194 | S32: 9 | T32: 337000000 | U32: Belum Cair | V32: Lengkap | W32: Menunggu jadwal pencairan | Y32: Pastikan tanda tangan | Z32: Bottleneck tahap akhir. | AA32: Bottleneck tahap akhir | AB32: Bottleneck tahap akhir | AC32: Bottleneck tahap akhir
A33: CASE-00032 | B33: 46187 | C33: 2026-06 | D33: W2 | E33: RO MAKASSAR | F33: GOWA | G33: KCP SUNGGUMINASA | H33: SPV Lina Maulana | I33: Galih Syahputra | J33: S0803005 | K33: Pensiun Berkah | L33: Nasabah Eksisting | M33: BUMN | N33: Pemberkasan | O33: 5 | P33: 7 | Q33: Collect Dokumen | R33: 46177 | S33: 26 | T33: 248000000 | U33: Belum Cair | V33: Perlu Revisi | W33: Berkas perlu revisi | X33: Menunggu jadwal proses | Y33: Koordinasi cabang | Z33: Bottleneck tahap akhir. | AA33: Pipeline matang stabil | AB33: Bottleneck tahap akhir | AC33: Pipeline matang stabil
A34: CASE-00033 | B34: 46176 | C34: 2026-06 | D34: W1 | E34: RO JAKARTA 1 | F34: JAKARTA PUSAT | G34: KC JAKARTA THAMRIN | H34: SPV Joko Wijaya | I34: Zaki Fauzi | J34: S0302003 | K34: Pensiun Reguler | L34: Telemarketing | M34: Swasta | N34: Pemberkasan | O34: 5 | P34: 4 | Q34: Follow-up Telepon | R34: 46166 | S34: 37 | T34: 220000000 | U34: Batal Cair | V34: Sebagian | W34: Dokumen pendukung belum lengkap | X34: Nasabah berubah keputusan | Y34: Monitor status pengajuan | Z34: Bottleneck tahap akhir. | AA34: Pipeline awal dominan | AB34: Bottleneck tahap akhir | AC34: Pipeline awal dominan
A35: CASE-00034 | B35: 46177 | C35: 2026-06 | D35: W1 | E35: RO MAKASSAR | F35: MAKASSAR KOTA | G35: KC GOWA | H35: SPV Dewi Aulia | I35: Vina Santoso | J35: S0801003 | K35: Pensiun Reguler | L35: Walk-in | M35: Non Payroll | N35: Panas | O35: 4 | P35: 5 | Q35: Collect Dokumen | R35: 46167 | S35: 36 | T35: 146000000 | U35: Belum Cair | V35: Sebagian | W35: Dokumen awal belum lengkap | Y35: Collect dokumen | Z35: Bottleneck tahap akhir. | AA35: Pipeline matang stabil | AB35: Bottleneck tahap akhir | AC35: Pipeline matang stabil
A36: CASE-00035 | B36: 46174 | C36: 2026-06 | D36: W1 | E36: RO BANDUNG | F36: GARUT | G36: KCP SOREANG | H36: SPV Dimas Wijaya | I36: Rizal Nugroho | J36: S0503001 | K36: Mitraguna | L36: Nasabah Eksisting | M36: ASN | N36: Hangat | O36: 3 | P36: 12 | Q36: Validasi Data | R36: 46174 | S36: 29 | T36: 293000000 | U36: Belum Cair | V36: Belum Ada | W36: Perlu simulasi angsuran | Y36: Tetapkan next step | Z36: Activity tinggi belum cair. | AA36: Konversi cukup baik | AB36: Activity tinggi belum cair | AC36: Konversi cukup baik
A37: CASE-00036 | B37: 46194 | C37: 2026-06 | D37: W3 | E37: RO JAKARTA 1 | F37: JAKARTA BARAT | G37: KC JAKARTA THAMRIN | H37: SPV Kartika Nugroho | I37: Sinta Lestari | J37: S0303005 | K37: Pensiun Berkah | L37: Event Sosialisasi | M37: Non Payroll | N37: Panas | O37: 4 | P37: 6 | Q37: Follow-up WA | R37: 46184 | S37: 19 | T37: 127000000 | U37: Belum Cair | V37: Sebagian | W37: Perlu validasi plafond | Y37: Collect dokumen | Z37: Bottleneck tahap akhir. | AA37: Pipeline awal dominan | AB37: Bottleneck tahap akhir | AC37: Pipeline awal dominan
A38: CASE-00037 | B38: 46178 | C38: 2026-06 | D38: W1 | E38: RO ACEH | F38: ACEH TIMUR | G38: KC BANDA ACEH | H38: SPV Hendra Pratama | I38: Rizal Utami | J38: S0101001 | K38: Pra Pensiun | L38: Database Internal | M38: ASN | N38: Pemberkasan | O38: 5 | P38: 6 | Q38: Follow-up Telepon | R38: 46170 | S38: 33 | T38: 420000000 | U38: Belum Cair | V38: Lengkap | W38: Berkas perlu revisi | X38: Menunggu jadwal proses | Y38: Koordinasi cabang | Z38: Bottleneck tahap akhir. | AA38: Bottleneck tahap akhir | AB38: Bottleneck tahap akhir | AC38: Bottleneck tahap akhir
A39: CASE-00038 | B39: 46177 | C39: 2026-06 | D39: W1 | E39: RO MEDAN | F39: MEDAN KOTA | G39: KC MEDAN | H39: SPV Ulfa Saputra | I39: Ulfa Lestari | J39: S0203004 | K39: Mitraguna | L39: Database Internal | M39: Pra Pensiun | N39: Hangat | O39: 3 | P39: 6 | Q39: Kunjungan | R39: 46173 | S39: 30 | T39: 366000000 | U39: Belum Cair | V39: Belum Ada | W39: Perlu simulasi angsuran | Y39: Tetapkan next step | Z39: Butuh penguatan follow-up. | AA39: Kinerja seimbang | AB39: Butuh penguatan follow-up | AC39: Kinerja seimbang
A40: CASE-00039 | B40: 46186 | C40: 2026-06 | D40: W2 | E40: RO BANDUNG | F40: BANDUNG KOTA | G40: KC BANDUNG | H40: SPV Hani Kusuma | I40: Maya Rahman | J40: S0502001 | K40: Mitraguna | L40: Sapa Kebun | M40: Non Payroll | N40: Dingin | O40: 2 | P40: 12 | Q40: Follow-up Telepon | R40: 46180 | S40: 23 | T40: 255000000 | U40: Belum Cair | V40: Sebagian | W40: Minat masih rendah | Y40: Edukasi manfaat produk | Z40: Activity tinggi belum cair. | AA40: Konversi cukup baik | AB40: Activity tinggi belum cair | AC40: Konversi cukup baik
A41: CASE-00040 | B41: 46187 | C41: 2026-06 | D41: W2 | E41: RO JAKARTA 2 | F41: JAKARTA TIMUR | G41: KC BEKASI | H41: SPV Eka Ananda | I41: Kurnia Fauzi | J41: S0402004 | K41: Pensiun Berkah | L41: Referal Cabang | M41: Pensiunan | N41: Panas | O41: 4 | P41: 11 | Q41: Follow-up Telepon | R41: 46186 | S41: 17 | T41: 236000000 | U41: Belum Cair | V41: Sebagian | W41: Menunggu komitmen nasabah | X41: Menunggu kelengkapan dokumen | Y41: Collect dokumen | Z41: Bottleneck tahap akhir. | AA41: Activity tinggi namun hasil rendah | AB41: Bottleneck tahap akhir | AC41: Activity tinggi namun hasil rendah
A42: CASE-00041 | B42: 46191 | C42: 2026-06 | D42: W3 | E42: RO JAKARTA 2 | F42: JAKARTA SELATAN | G42: KCP PASAR MINGGU | H42: SPV Eka Ananda | I42: Hani Ananda | J42: S0402002 | K42: Pensiun Berkah | L42: Referal Cabang | M42: Payroll | N42: Hangat | O42: 3 | P42: 11 | Q42: Kunjungan | R42: 46181 | S42: 22 | T42: 272000000 | U42: Belum Cair | V42: Sebagian | W42: Menunggu keputusan keluarga | Y42: Tetapkan next step | Z42: Butuh penguatan follow-up. | AA42: Activity tinggi namun hasil rendah | AB42: Butuh penguatan follow-up | AC42: Activity tinggi namun hasil rendah
A43: CASE-00042 | B43: 46181 | C43: 2026-06 | D43: W2 | E43: RO MEDAN | F43: BINJAI | G43: KC LUBUK PAKAM | H43: SPV Ulfa Saputra | I43: Ulfa Lestari | J43: S0203004 | K43: Pensiun Reguler | L43: Event Sosialisasi | M43: Swasta | N43: Tidak Bertemu | O43: 1 | P43: 9 | Q43: Follow-up Telepon | R43: 46175 | S43: 28 | T43: 146000000 | U43: Belum Cair | V43: Belum Ada | W43: Alamat perlu validasi | Y43: Atur jadwal kunjungan | Z43: Perlu monitoring. | AA43: Kinerja seimbang | AB43: Perlu monitoring | AC43: Kinerja seimbang
A44: CASE-00043 | B44: 46178 | C44: 2026-06 | D44: W1 | E44: RO SEMARANG | F44: SEMARANG KOTA | G44: KC SOLO | H44: SPV Nabila Anggraini | I44: Zaki Pratama | J44: S0601002 | K44: Pensiun Berkah | L44: Sapa Kebun | M44: Non Payroll | N44: Hangat | O44: 3 | P44: 5 | Q44: Follow-up WA | R44: 46168 | S44: 35 | T44: 240000000 | U44: Belum Cair | V44: Sebagian | W44: Perlu simulasi angsuran | Y44: Tetapkan next step | Z44: Butuh penguatan follow-up. | AA44: Pipeline menengah berkembang | AB44: Butuh penguatan follow-up | AC44: Pipeline menengah berkembang
A45: CASE-00044 | B45: 46183 | C45: 2026-06 | D45: W2 | E45: RO JAKARTA 2 | F45: JAKARTA TIMUR | G45: KCP RAWAMANGUN | H45: SPV Eka Ananda | I45: Taufik Anggraini | J45: S0402007 | K45: Pra Pensiun | L45: Walk-in | M45: Pra Pensiun | N45: Tidak Bertemu | O45: 1 | P45: 18 | Q45: Reminder Pemberkasan | R45: 46176 | S45: 27 | T45: 234000000 | U45: Belum Cair | V45: Sebagian | W45: Nasabah belum dapat dihubungi | Y45: Cek database alternatif | Z45: Activity tinggi belum cair. | AA45: Activity tinggi namun hasil rendah | AB45: Activity tinggi belum cair | AC45: Activity tinggi namun hasil rendah
A46: CASE-00045 | B46: 46200 | C46: 2026-06 | D46: W4 | E46: RO JAKARTA 1 | F46: JAKARTA PUSAT | G46: KC JAKARTA THAMRIN | H46: SPV Joko Wijaya | I46: Qori Ananda | J46: S0302005 | K46: Pensiun Reguler | L46: Referal Cabang | M46: ASN | N46: Dingin | O46: 2 | P46: 1 | Q46: Reminder Pemberkasan | R46: 46195 | S46: 8 | T46: 88000000 | U46: Belum Cair | V46: Sebagian | W46: Nasabah masih membandingkan opsi | Y46: Segmentasi ulang prospek | Z46: Pipeline awal + activity rendah. | AA46: Pipeline awal dominan | AB46: Pipeline awal + activity rendah | AC46: Pipeline awal dominan
A47: CASE-00046 | B47: 46186 | C47: 2026-06 | D47: W2 | E47: RO ACEH | F47: ACEH TIMUR | G47: KC BANDA ACEH | H47: SPV Joko Lestari | I47: Galih Ananda | J47: S0103006 | K47: Mitraguna | L47: Referal Cabang | M47: Swasta | N47: Hangat | O47: 3 | P47: 8 | Q47: Collect Dokumen | R47: 46182 | S47: 21 | T47: 137000000 | U47: Belum Cair | V47: Belum Ada | W47: Nasabah masih mempertimbangkan | Y47: Tetapkan next step | Z47: Butuh penguatan follow-up. | AA47: Bottleneck tahap akhir | AB47: Butuh penguatan follow-up | AC47: Bottleneck tahap akhir
A48: CASE-00047 | B48: 46190 | C48: 2026-06 | D48: W3 | E48: RO JAKARTA 1 | F48: JAKARTA UTARA | G48: KCP KELAPA GADING | H48: SPV Putri Ananda | I48: Ilham Aulia | J48: S0301006 | K48: Mitraguna | L48: Referal Cabang | M48: Swasta | N48: Tidak Bertemu | O48: 1 | P48: 1 | Q48: Koordinasi Cabang | R48: 46185 | S48: 18 | T48: 147000000 | U48: Batal Cair | V48: Belum Ada | W48: Nasabah belum dapat dihubungi | X48: BI Checking | Y48: Validasi kontak | Z48: Pipeline awal + activity rendah. | AA48: Pipeline awal dominan | AB48: Pipeline awal + activity rendah | AC48: Pipeline awal dominan
A49: CASE-00048 | B49: 46193 | C49: 2026-06 | D49: W3 | E49: RO BANDUNG | F49: BANDUNG KOTA | G49: KC CIMAHI | H49: SPV Dimas Wijaya | I49: Gita Saputra | J49: S0503004 | K49: Mitraguna | L49: Event Sosialisasi | M49: ASN | N49: Dingin | O49: 2 | P49: 17 | Q49: Follow-up Telepon | R49: 46191 | S49: 12 | T49: 182000000 | U49: Batal Cair | V49: Sebagian | W49: Nasabah masih membandingkan opsi | X49: Kendala administrasi | Y49: Gali kebutuhan nasabah | Z49: Activity tinggi belum cair. | AA49: Konversi cukup baik | AB49: Activity tinggi belum cair | AC49: Konversi cukup baik
A50: CASE-00049 | B50: 46179 | C50: 2026-06 | D50: W1 | E50: RO MAKASSAR | F50: GOWA | G50: KCP PANAKKUKANG | H50: SPV Citra Hidayat | I50: Bella Pratama | J50: S0802007 | K50: Pra Pensiun | L50: Sapa Kebun | M50: Pra Pensiun | N50: Panas | O50: 4 | P50: 7 | Q50: Reminder Pemberkasan | R50: 46176 | S50: 27 | T50: 116000000 | U50: Belum Cair | V50: Lengkap | W50: Menunggu komitmen nasabah | Y50: Konfirmasi komitmen | Z50: Bottleneck tahap akhir. | AA50: Pipeline matang stabil | AB50: Bottleneck tahap akhir | AC50: Pipeline matang stabil
A51: CASE-00050 | B51: 46186 | C51: 2026-06 | D51: W2 | E51: RO SURABAYA 1 | F51: SIDOARJO | G51: KC SURABAYA | H51: SPV Lukman Lestari | I51: Jihan Permata | J51: S0702001 | K51: Pra Pensiun | L51: Database Internal | M51: Pra Pensiun | N51: Panas | O51: 4 | P51: 17 | Q51: Kunjungan | R51: 46185 | S51: 18 | T51: 461000000 | U51: Belum Cair | V51: Sebagian | W51: Menunggu jadwal collect dokumen | Y51: Validasi dokumen | Z51: Bottleneck tahap akhir. | AA51: High performer | AB51: Bottleneck tahap akhir | AC51: High performer
A52: CASE-00051 | B52: 46181 | C52: 2026-06 | D52: W2 | E52: RO SURABAYA 1 | F52: GRESIK | G52: KCP MANYAR | H52: SPV Taufik Rahman | I52: Qori Pertiwi | J52: S0703006 | K52: Pensiun Reguler | L52: Database Internal | M52: Payroll | N52: Panas | O52: 4 | P52: 9 | Q52: Validasi Data | R52: 46177 | S52: 26 | T52: 227000000 | U52: Belum Cair | V52: Sebagian | W52: Menunggu komitmen nasabah | X52: Menunggu kelengkapan dokumen | Y52: Collect dokumen | Z52: Bottleneck tahap akhir. | AA52: High performer | AB52: Bottleneck tahap akhir | AC52: High performer
A53: CASE-00052 | B53: 46190 | C53: 2026-06 | D53: W3 | E53: RO MEDAN | F53: BINJAI | G53: KC MEDAN | H53: SPV Galih Syahputra | I53: Wahyu Lestari | J53: S0202002 | K53: Pra Pensiun | L53: Database Internal | M53: ASN | N53: Hangat | O53: 3 | P53: 3 | Q53: Follow-up WA | R53: 46182 | S53: 21 | T53: 349000000 | U53: Belum Cair | V53: Sebagian | W53: Nasabah masih mempertimbangkan | Y53: Tetapkan next step | Z53: Butuh penguatan follow-up. | AA53: Kinerja seimbang | AB53: Butuh penguatan follow-up | AC53: Kinerja seimbang
A54: CASE-00053 | B54: 46179 | C54: 2026-06 | D54: W1 | E54: RO JAKARTA 1 | F54: JAKARTA UTARA | G54: KCP GROGOL | H54: SPV Kartika Nugroho | I54: Jihan Wijaya | J54: S0303002 | K54: Pra Pensiun | L54: Database Internal | M54: Pensiunan | N54: Cair | O54: 7 | P54: 5 | Q54: Reminder Pemberkasan | R54: 46177 | S54: 26 | T54: 375000000 | U54: Cair | V54: Lengkap | W54: Realisasi selesai | Y54: Maintenance nasabah | Z54: Terkonversi. | AA54: Pipeline awal dominan | AB54: Terkonversi | AC54: Pipeline awal dominan
A55: CASE-00054 | B55: 46194 | C55: 2026-06 | D55: W3 | E55: RO JAKARTA 1 | F55: JAKARTA BARAT | G55: KCP KELAPA GADING | H55: SPV Joko Wijaya | I55: Qori Ananda | J55: S0302005 | K55: Pensiun Berkah | L55: Sapa Kebun | M55: Non Payroll | N55: Dingin | O55: 2 | P55: 3 | Q55: Follow-up WA | R55: 46191 | S55: 12 | T55: 75000000 | U55: Belum Cair | V55: Belum Ada | W55: Nasabah masih membandingkan opsi | Y55: Follow-up berkala | Z55: Pipeline awal + activity rendah. | AA55: Pipeline awal dominan | AB55: Pipeline awal + activity rendah | AC55: Pipeline awal dominan
A56: CASE-00055 | B56: 46200 | C56: 2026-06 | D56: W4 | E56: RO JAKARTA 1 | F56: JAKARTA PUSAT | G56: KCP GROGOL | H56: SPV Kartika Nugroho | I56: Jihan Rahman | J56: S0303003 | K56: Mitraguna | L56: Nasabah Eksisting | M56: Payroll | N56: Tidak Bertemu | O56: 1 | P56: 5 | Q56: Collect Dokumen | R56: 46198 | S56: 5 | T56: 105000000 | U56: Belum Cair | V56: Belum Ada | W56: Nasabah belum dapat dihubungi | Y56: Atur jadwal kunjungan | Z56: Perlu monitoring. | AA56: Pipeline awal dominan | AB56: Perlu monitoring | AC56: Pipeline awal dominan
A57: CASE-00056 | B57: 46195 | C57: 2026-06 | D57: W4 | E57: RO SEMARANG | F57: KUDUS | G57: KCP UNGARAN | H57: SPV Nabila Anggraini | I57: Dewi Wijaya | J57: S0601001 | K57: Pensiun Reguler | L57: Sapa Kebun | M57: Payroll | N57: Hangat | O57: 3 | P57: 4 | Q57: Koordinasi Cabang | R57: 46193 | S57: 10 | T57: 213000000 | U57: Belum Cair | V57: Belum Ada | W57: Nasabah masih mempertimbangkan | Y57: Simulasi angsuran | Z57: Butuh penguatan follow-up. | AA57: Pipeline menengah berkembang | AB57: Butuh penguatan follow-up | AC57: Pipeline menengah berkembang
A58: CASE-00057 | B58: 46182 | C58: 2026-06 | D58: W2 | E58: RO JAKARTA 1 | F58: JAKARTA PUSAT | G58: KCP KELAPA GADING | H58: SPV Putri Ananda | I58: Intan Pertiwi | J58: S0301005 | K58: Pra Pensiun | L58: Database Internal | M58: Pensiunan | N58: Dingin | O58: 2 | P58: 5 | Q58: Kunjungan | R58: 46179 | S58: 24 | T58: 357000000 | U58: Belum Cair | V58: Belum Ada | W58: Nasabah masih membandingkan opsi | Y58: Gali kebutuhan nasabah | Z58: Perlu monitoring. | AA58: Pipeline awal dominan | AB58: Perlu monitoring | AC58: Pipeline awal dominan
A59: CASE-00058 | B59: 46191 | C59: 2026-06 | D59: W3 | E59: RO JAKARTA 2 | F59: JAKARTA SELATAN | G59: KCP CIBUBUR | H59: SPV Yuni Nugroho | I59: Vina Pratama | J59: S0403004 | K59: Mitraguna | L59: Referal Cabang | M59: ASN | N59: Panas | O59: 4 | P59: 11 | Q59: Kunjungan | R59: 46183 | S59: 20 | T59: 145000000 | U59: Belum Cair | V59: Sebagian | W59: Menunggu komitmen nasabah | Y59: Eskalasi jika tertahan | Z59: Bottleneck tahap akhir. | AA59: Activity tinggi namun hasil rendah | AB59: Bottleneck tahap akhir | AC59: Activity tinggi namun hasil rendah
A60: CASE-00059 | B60: 46196 | C60: 2026-06 | D60: W4 | E60: RO JAKARTA 1 | F60: JAKARTA UTARA | G60: KC JAKARTA THAMRIN | H60: SPV Kartika Nugroho | I60: Jihan Wijaya | J60: S0303002 | K60: Pra Pensiun | L60: Sapa Kebun | M60: Swasta | N60: Tidak Bertemu | O60: 1 | P60: 5 | Q60: Validasi Data | R60: 46189 | S60: 14 | T60: 300000000 | U60: Belum Cair | V60: Belum Ada | W60: Alamat perlu validasi | Y60: Follow-up ulang H+1 | Z60: Perlu monitoring. | AA60: Pipeline awal dominan | AB60: Perlu monitoring | AC60: Pipeline awal dominan
A61: CASE-00060 | B61: 46196 | C61: 2026-06 | D61: W4 | E61: RO ACEH | F61: ACEH BARAT | G61: KC LHOKSEUMAWE | H61: SPV Hendra Pratama | I61: Dimas Saputra | J61: S0101005 | K61: Pra Pensiun | L61: Nasabah Eksisting | M61: Pra Pensiun | N61: Dingin | O61: 2 | P61: 9 | Q61: Collect Dokumen | R61: 46193 | S61: 10 | T61: 368000000 | U61: Belum Cair | V61: Belum Ada | W61: Minat masih rendah | Y61: Gali kebutuhan nasabah | Z61: Perlu monitoring. | AA61: Bottleneck tahap akhir | AB61: Perlu monitoring | AC61: Bottleneck tahap akhir
A62: CASE-00061 | B62: 46200 | C62: 2026-06 | D62: W4 | E62: RO MEDAN | F62: BINJAI | G62: KC LUBUK PAKAM | H62: SPV Ulfa Saputra | I62: Galih Santoso | J62: S0203006 | K62: Mitraguna | L62: Sapa Kebun | M62: BUMN | N62: Pemberkasan | O62: 5 | P62: 14 | Q62: Follow-up Telepon | R62: 46200 | S62: 3 | T62: 211000000 | U62: Belum Cair | V62: Lengkap | W62: Menunggu proses administrasi | Y62: Eskalasi revisi dokumen | Z62: Bottleneck tahap akhir. | AA62: Kinerja seimbang | AB62: Bottleneck tahap akhir | AC62: Kinerja seimbang
A63: CASE-00062 | B63: 46184 | C63: 2026-06 | D63: W2 | E63: RO ACEH | F63: ACEH TIMUR | G63: KCP SAKTI | H63: SPV Jihan Fauzi | I63: Farah Mahendra | J63: S0102004 | K63: Mitraguna | L63: Telemarketing | M63: Non Payroll | N63: Dingin | O63: 2 | P63: 9 | Q63: Validasi Data | R63: 46179 | S63: 24 | T63: 123000000 | U63: Belum Cair | V63: Belum Ada | W63: Minat masih rendah | Y63: Follow-up berkala | Z63: Perlu monitoring. | AA63: Bottleneck tahap akhir | AB63: Perlu monitoring | AC63: Bottleneck tahap akhir
A64: CASE-00063 | B64: 46179 | C64: 2026-06 | D64: W1 | E64: RO MEDAN | F64: DELI SERDANG | G64: KCP STABAT | H64: SPV Fajar Ananda | I64: Zaki Permata | J64: S0201007 | K64: Pensiun Berkah | L64: Sapa Kebun | M64: Swasta | N64: Panas | O64: 4 | P64: 11 | Q64: Follow-up Telepon | R64: 46172 | S64: 31 | T64: 154000000 | U64: Belum Cair | V64: Sebagian | W64: Perlu validasi plafond | Y64: Eskalasi jika tertahan | Z64: Bottleneck tahap akhir. | AA64: Kinerja seimbang | AB64: Bottleneck tahap akhir | AC64: Kinerja seimbang
A65: CASE-00064 | B65: 46186 | C65: 2026-06 | D65: W2 | E65: RO ACEH | F65: BANDA ACEH | G65: KC LHOKSEUMAWE | H65: SPV Hendra Pratama | I65: Gita Ananda | J65: S0101003 | K65: Pra Pensiun | L65: Telemarketing | M65: Payroll | N65: Pemberkasan | O65: 5 | P65: 14 | Q65: Follow-up Telepon | R65: 46186 | S65: 17 | T65: 415000000 | U65: Belum Cair | V65: Lengkap | W65: Dokumen pendukung belum lengkap | X65: Menunggu jadwal proses | Y65: Eskalasi revisi dokumen | Z65: Bottleneck tahap akhir. | AA65: Bottleneck tahap akhir | AB65: Bottleneck tahap akhir | AC65: Bottleneck tahap akhir
A66: CASE-00065 | B66: 46175 | C66: 2026-06 | D66: W1 | E66: RO BANDUNG | F66: BANDUNG KOTA | G66: KC CIMAHI | H66: SPV Hani Kusuma | I66: Farah Santoso | J66: S0502007 | K66: Pra Pensiun | L66: Referal Cabang | M66: Swasta | N66: Panas | O66: 4 | P66: 6 | Q66: Collect Dokumen | R66: 46175 | S66: 28 | T66: 278000000 | U66: Belum Cair | V66: Sebagian | W66: Menunggu jadwal collect dokumen | X66: Menunggu jadwal proses | Y66: Collect dokumen | Z66: Bottleneck tahap akhir. | AA66: Konversi cukup baik | AB66: Bottleneck tahap akhir | AC66: Konversi cukup baik
A67: CASE-00066 | B67: 46184 | C67: 2026-06 | D67: W2 | E67: RO BANDUNG | F67: GARUT | G67: KC GARUT | H67: SPV Hani Kusuma | I67: Putri Lestari | J67: S0502006 | K67: Pensiun Berkah | L67: Sapa Kebun | M67: BUMN | N67: Panas | O67: 4 | P67: 7 | Q67: Follow-up WA | R67: 46174 | S67: 29 | T67: 233000000 | U67: Belum Cair | V67: Sebagian | W67: Menunggu komitmen nasabah | X67: Menunggu kelengkapan dokumen | Y67: Eskalasi jika tertahan | Z67: Bottleneck tahap akhir. | AA67: Konversi cukup baik | AB67: Bottleneck tahap akhir | AC67: Konversi cukup baik
A68: CASE-00067 | B68: 46177 | C68: 2026-06 | D68: W1 | E68: RO BANDUNG | F68: GARUT | G68: KC CIMAHI | H68: SPV Hani Kusuma | I68: Gita Kusuma | J68: S0502002 | K68: Top Up Pensiun | L68: Database Internal | M68: Payroll | N68: Tidak Bertemu | O68: 1 | P68: 5 | Q68: Collect Dokumen | R68: 46174 | S68: 29 | T68: 142000000 | U68: Belum Cair | V68: Belum Ada | W68: Nasabah belum dapat dihubungi | Y68: Follow-up ulang H+1 | Z68: Perlu monitoring. | AA68: Konversi cukup baik | AB68: Perlu monitoring | AC68: Konversi cukup baik
A69: CASE-00068 | B69: 46191 | C69: 2026-06 | D69: W3 | E69: RO MAKASSAR | F69: GOWA | G69: KC MAROS | H69: SPV Citra Hidayat | I69: Joko Utami | J69: S0802005 | K69: Pra Pensiun | L69: Nasabah Eksisting | M69: Payroll | N69: Cair | O69: 7 | P69: 16 | Q69: Follow-up WA | R69: 46186 | S69: 17 | T69: 512000000 | U69: Cair | V69: Lengkap | W69: Proses selesai | Y69: Update laporan hasil | Z69: Terkonversi. | AA69: Pipeline matang stabil | AB69: Terkonversi | AC69: Pipeline matang stabil
A70: CASE-00069 | B70: 46189 | C70: 2026-06 | D70: W3 | E70: RO BANDUNG | F70: CIMAHI | G70: KC CIMAHI | H70: SPV Eka Saputra | I70: Putri Permata | J70: S0501003 | K70: Pra Pensiun | L70: Database Internal | M70: Non Payroll | N70: Pemberkasan | O70: 5 | P70: 15 | Q70: Koordinasi Cabang | R70: 46184 | S70: 19 | T70: 249000000 | U70: Belum Cair | V70: Lengkap | W70: Dokumen pendukung belum lengkap | Y70: Koordinasi cabang | Z70: Bottleneck tahap akhir. | AA70: Konversi cukup baik | AB70: Bottleneck tahap akhir | AC70: Konversi cukup baik
A71: CASE-00070 | B71: 46191 | C71: 2026-06 | D71: W3 | E71: RO SEMARANG | F71: SEMARANG KOTA | G71: KC SOLO | H71: SPV Sinta Aulia | I71: Sinta Saputra | J71: S0603004 | K71: Pensiun Berkah | L71: Nasabah Eksisting | M71: Pra Pensiun | N71: Pemberkasan | O71: 5 | P71: 8 | Q71: Kunjungan | R71: 46187 | S71: 16 | T71: 285000000 | U71: Belum Cair | V71: Sebagian | W71: Koordinasi cabang belum selesai | Y71: Monitor status pengajuan | Z71: Bottleneck tahap akhir. | AA71: Pipeline menengah berkembang | AB71: Bottleneck tahap akhir | AC71: Pipeline menengah berkembang
A72: CASE-00071 | B72: 46183 | C72: 2026-06 | D72: W2 | E72: RO JAKARTA 2 | F72: BEKASI | G72: KC BEKASI | H72: SPV Eka Ananda | I72: Kurnia Fauzi | J72: S0402004 | K72: Pensiun Berkah | L72: Referal Cabang | M72: Non Payroll | N72: Panas | O72: 4 | P72: 7 | Q72: Reminder Pemberkasan | R72: 46173 | S72: 30 | T72: 90000000 | U72: Belum Cair | V72: Sebagian | W72: Menunggu komitmen nasabah | X72: Menunggu jadwal proses | Y72: Validasi dokumen | Z72: Bottleneck tahap akhir. | AA72: Activity tinggi namun hasil rendah | AB72: Bottleneck tahap akhir | AC72: Activity tinggi namun hasil rendah
A73: CASE-00072 | B73: 46177 | C73: 2026-06 | D73: W1 | E73: RO MEDAN | F73: DELI SERDANG | G73: KC MEDAN | H73: SPV Ulfa Saputra | I73: Qori Santoso | J73: S0203007 | K73: Mitraguna | L73: Database Internal | M73: BUMN | N73: Tidak Bertemu | O73: 1 | P73: 7 | Q73: Koordinasi Cabang | R73: 46172 | S73: 31 | T73: 342000000 | U73: Belum Cair | V73: Sebagian | W73: Nomor kontak tidak aktif | Y73: Atur jadwal kunjungan | Z73: Perlu monitoring. | AA73: Kinerja seimbang | AB73: Perlu monitoring | AC73: Kinerja seimbang
A74: CASE-00073 | B74: 46202 | C74: 2026-06 | D74: W5 | E74: RO JAKARTA 1 | F74: JAKARTA UTARA | G74: KC JAKARTA KOTA | H74: SPV Joko Wijaya | I74: Qori Ananda | J74: S0302005 | K74: Pensiun Reguler | L74: Referal Cabang | M74: BUMN | N74: Tidak Bertemu | O74: 1 | P74: 4 | Q74: Follow-up Telepon | R74: 46196 | S74: 7 | T74: 63000000 | U74: Belum Cair | V74: Belum Ada | W74: Nomor kontak tidak aktif | Y74: Atur jadwal kunjungan | Z74: Pipeline awal + activity rendah. | AA74: Pipeline awal dominan | AB74: Pipeline awal + activity rendah | AC74: Pipeline awal dominan
A75: CASE-00074 | B75: 46183 | C75: 2026-06 | D75: W2 | E75: RO BANDUNG | F75: CIMAHI | G75: KC CIMAHI | H75: SPV Hani Kusuma | I75: Putri Lestari | J75: S0502006 | K75: Pensiun Berkah | L75: Telemarketing | M75: ASN | N75: Tidak Bertemu | O75: 1 | P75: 11 | Q75: Validasi Data | R75: 46181 | S75: 22 | T75: 249000000 | U75: Belum Cair | V75: Belum Ada | W75: Nomor kontak tidak aktif | Y75: Follow-up ulang H+1 | Z75: Perlu monitoring. | AA75: Konversi cukup baik | AB75: Perlu monitoring | AC75: Konversi cukup baik
A76: CASE-00075 | B76: 46198 | C76: 2026-06 | D76: W4 | E76: RO JAKARTA 1 | F76: JAKARTA BARAT | G76: KCP KELAPA GADING | H76: SPV Kartika Nugroho | I76: Sinta Lestari | J76: S0303005 | K76: Pensiun Reguler | L76: Referal Cabang | M76: ASN | N76: Panas | O76: 4 | P76: 6 | Q76: Follow-up WA | R76: 46195 | S76: 8 | T76: 67000000 | U76: Belum Cair | V76: Sebagian | W76: Menunggu komitmen nasabah | Y76: Konfirmasi komitmen | Z76: Bottleneck tahap akhir. | AA76: Pipeline awal dominan | AB76: Bottleneck tahap akhir | AC76: Pipeline awal dominan
A77: CASE-00076 | B77: 46188 | C77: 2026-06 | D77: W3 | E77: RO JAKARTA 2 | F77: BEKASI | G77: KCP RAWAMANGUN | H77: SPV Yuni Nugroho | I77: Hendra Utami | J77: S0403002 | K77: Pensiun Reguler | L77: Sapa Kebun | M77: BUMN | N77: Hangat | O77: 3 | P77: 13 | Q77: Kunjungan | R77: 46188 | S77: 15 | T77: 159000000 | U77: Belum Cair | V77: Sebagian | W77: Butuh follow-up lanjutan | Y77: Handling objection | Z77: Activity tinggi belum cair. | AA77: Activity tinggi namun hasil rendah | AB77: Activity tinggi belum cair | AC77: Activity tinggi namun hasil rendah
A78: CASE-00077 | B78: 46178 | C78: 2026-06 | D78: W1 | E78: RO ACEH | F78: ACEH TIMUR | G78: KC BANDA ACEH | H78: SPV Hendra Pratama | I78: Rizal Utami | J78: S0101001 | K78: Pensiun Berkah | L78: Nasabah Eksisting | M78: Non Payroll | N78: Hangat | O78: 3 | P78: 10 | Q78: Follow-up WA | R78: 46168 | S78: 35 | T78: 171000000 | U78: Belum Cair | V78: Belum Ada | W78: Perlu simulasi angsuran | Y78: Handling objection | Z78: Butuh penguatan follow-up. | AA78: Bottleneck tahap akhir | AB78: Butuh penguatan follow-up | AC78: Bottleneck tahap akhir
A79: CASE-00078 | B79: 46197 | C79: 2026-06 | D79: W4 | E79: RO BANDUNG | F79: BANDUNG KOTA | G79: KC BANDUNG | H79: SPV Dimas Wijaya | I79: Putri Aulia | J79: S0503002 | K79: Pra Pensiun | L79: Database Internal | M79: BUMN | N79: Cair | O79: 7 | P79: 15 | Q79: Follow-up Telepon | R79: 46189 | S79: 14 | T79: 234000000 | U79: Cair | V79: Lengkap | W79: Proses selesai | Y79: Cari pipeline baru | Z79: Terkonversi. | AA79: Konversi cukup baik | AB79: Terkonversi | AC79: Konversi cukup baik
A80: CASE-00079 | B80: 46202 | C80: 2026-06 | D80: W5 | E80: RO SURABAYA 1 | F80: GRESIK | G80: KCP WARU | H80: SPV Ulfa Permata | I80: Gita Aulia | J80: S0701007 | K80: Top Up Pensiun | L80: Telemarketing | M80: BUMN | N80: Pemberkasan | O80: 5 | P80: 13 | Q80: Follow-up WA | R80: 46202 | S80: 1 | T80: 43000000 | U80: Belum Cair | V80: Lengkap | W80: Berkas perlu revisi | Y80: Koordinasi cabang | Z80: Bottleneck tahap akhir. | AA80: High performer | AB80: Bottleneck tahap akhir | AC80: High performer
A81: CASE-00080 | B81: 46195 | C81: 2026-06 | D81: W4 | E81: RO BANDUNG | F81: GARUT | G81: KC GARUT | H81: SPV Dimas Wijaya | I81: Lukman Pratama | J81: S0503005 | K81: Pensiun Reguler | L81: Sapa Kebun | M81: BUMN | N81: Hangat | O81: 3 | P81: 8 | Q81: Reminder Pemberkasan | R81: 46187 | S81: 16 | T81: 120000000 | U81: Belum Cair | V81: Sebagian | W81: Perlu simulasi angsuran | Y81: Follow-up komitmen | Z81: Butuh penguatan follow-up. | AA81: Konversi cukup baik | AB81: Butuh penguatan follow-up | AC81: Konversi cukup baik
A82: CASE-00081 | B82: 46201 | C82: 2026-06 | D82: W4 | E82: RO JAKARTA 2 | F82: JAKARTA TIMUR | G82: KC BEKASI | H82: SPV Kurnia Pratama | I82: Hendra Syahputra | J82: S0401003 | K82: Pra Pensiun | L82: Telemarketing | M82: Pensiunan | N82: Panas | O82: 4 | P82: 11 | Q82: Validasi Data | R82: 46198 | S82: 5 | T82: 169000000 | U82: Belum Cair | V82: Sebagian | W82: Menunggu komitmen nasabah | Y82: Validasi dokumen | Z82: Bottleneck tahap akhir. | AA82: Activity tinggi namun hasil rendah | AB82: Bottleneck tahap akhir | AC82: Activity tinggi namun hasil rendah
A83: CASE-00082 | B83: 46201 | C83: 2026-06 | D83: W4 | E83: RO BANDUNG | F83: CIMAHI | G83: KCP DAGO | H83: SPV Eka Saputra | I83: Citra Maulana | J83: S0501001 | K83: Mitraguna | L83: Event Sosialisasi | M83: BUMN | N83: Pemberkasan | O83: 5 | P83: 10 | Q83: Follow-up WA | R83: 46200 | S83: 3 | T83: 183000000 | U83: Belum Cair | V83: Perlu Revisi | W83: Berkas perlu revisi | X83: Menunggu kelengkapan dokumen | Y83: Eskalasi revisi dokumen | Z83: Bottleneck tahap akhir. | AA83: Konversi cukup baik | AB83: Bottleneck tahap akhir | AC83: Konversi cukup baik
A84: CASE-00083 | B84: 46185 | C84: 2026-06 | D84: W2 | E84: RO MEDAN | F84: DELI SERDANG | G84: KC LUBUK PAKAM | H84: SPV Fajar Ananda | I84: Sari Aulia | J84: S0201005 | K84: Mitraguna | L84: Database Internal | M84: Payroll | N84: Hangat | O84: 3 | P84: 7 | Q84: Koordinasi Cabang | R84: 46181 | S84: 22 | T84: 333000000 | U84: Belum Cair | V84: Sebagian | W84: Nasabah masih mempertimbangkan | Y84: Simulasi angsuran | Z84: Butuh penguatan follow-up. | AA84: Kinerja seimbang | AB84: Butuh penguatan follow-up | AC84: Kinerja seimbang
A85: CASE-00084 | B85: 46181 | C85: 2026-06 | D85: W2 | E85: RO BANDUNG | F85: GARUT | G85: KCP DAGO | H85: SPV Dimas Wijaya | I85: Lukman Pratama | J85: S0503005 | K85: Pensiun Berkah | L85: Nasabah Eksisting | M85: ASN | N85: Hangat | O85: 3 | P85: 8 | Q85: Follow-up WA | R85: 46175 | S85: 28 | T85: 248000000 | U85: Tidak Cair | V85: Sebagian | W85: Perlu simulasi angsuran | X85: Dokumen tidak lengkap | Y85: Follow-up komitmen | Z85: Butuh penguatan follow-up. | AA85: Konversi cukup baik | AB85: Butuh penguatan follow-up | AC85: Konversi cukup baik
A86: CASE-00085 | B86: 46198 | C86: 2026-06 | D86: W4 | E86: RO MAKASSAR | F86: MAKASSAR KOTA | G86: KC MAKASSAR | H86: SPV Dewi Aulia | I86: Eka Santoso | J86: S0801005 | K86: Mitraguna | L86: Sapa Kebun | M86: Payroll | N86: Cair | O86: 7 | P86: 14 | Q86: Follow-up WA | R86: 46198 | S86: 5 | T86: 200000000 | U86: Cair | V86: Lengkap | W86: Realisasi selesai | Y86: Maintenance nasabah | Z86: Terkonversi. | AA86: Pipeline matang stabil | AB86: Terkonversi | AC86: Pipeline matang stabil
A87: CASE-00086 | B87: 46191 | C87: 2026-06 | D87: W3 | E87: RO ACEH | F87: BANDA ACEH | G87: KCP SAKTI | H87: SPV Joko Lestari | I87: Galih Ananda | J87: S0103006 | K87: Pensiun Berkah | L87: Database Internal | M87: ASN | N87: Panas | O87: 4 | P87: 18 | Q87: Follow-up WA | R87: 46183 | S87: 20 | T87: 273000000 | U87: Belum Cair | V87: Sebagian | W87: Dokumen awal belum lengkap | X87: Menunggu jadwal proses | Y87: Konfirmasi komitmen | Z87: Bottleneck tahap akhir. | AA87: Bottleneck tahap akhir | AB87: Bottleneck tahap akhir | AC87: Bottleneck tahap akhir
A88: CASE-00087 | B88: 46192 | C88: 2026-06 | D88: W3 | E88: RO JAKARTA 1 | F88: JAKARTA BARAT | G88: KC JAKARTA THAMRIN | H88: SPV Joko Wijaya | I88: Zaki Fauzi | J88: S0302003 | K88: Pra Pensiun | L88: Sapa Kebun | M88: Non Payroll | N88: Dingin | O88: 2 | P88: 2 | Q88: Kunjungan | R88: 46189 | S88: 14 | T88: 126000000 | U88: Belum Cair | V88: Sebagian | W88: Minat masih rendah | Y88: Gali kebutuhan nasabah | Z88: Pipeline awal + activity rendah. | AA88: Pipeline awal dominan | AB88: Pipeline awal + activity rendah | AC88: Pipeline awal dominan
A89: CASE-00088 | B89: 46202 | C89: 2026-06 | D89: W5 | E89: RO SEMARANG | F89: SEMARANG KOTA | G89: KCP PATI | H89: SPV Rahma Ananda | I89: Kartika Saputra | J89: S0602005 | K89: Pensiun Berkah | L89: Telemarketing | M89: Swasta | N89: Perjanjian | O89: 6 | P89: 14 | Q89: Reminder Pemberkasan | R89: 46193 | S89: 10 | T89: 90000000 | U89: Menunggu Pencairan | V89: Lengkap | W89: Konfirmasi akhir nasabah | Y89: Pastikan tanda tangan | Z89: Bottleneck tahap akhir. | AA89: Pipeline menengah berkembang | AB89: Bottleneck tahap akhir | AC89: Pipeline menengah berkembang
A90: CASE-00089 | B90: 46186 | C90: 2026-06 | D90: W2 | E90: RO JAKARTA 2 | F90: JAKARTA SELATAN | G90: KCP RAWAMANGUN | H90: SPV Kurnia Pratama | I90: Hendra Syahputra | J90: S0401003 | K90: Pensiun Reguler | L90: Telemarketing | M90: ASN | N90: Dingin | O90: 2 | P90: 14 | Q90: Collect Dokumen | R90: 46176 | S90: 27 | T90: 80000000 | U90: Belum Cair | V90: Belum Ada | W90: Minat masih rendah | Y90: Follow-up berkala | Z90: Activity tinggi belum cair. | AA90: Activity tinggi namun hasil rendah | AB90: Activity tinggi belum cair | AC90: Activity tinggi namun hasil rendah
A91: CASE-00090 | B91: 46181 | C91: 2026-06 | D91: W2 | E91: RO JAKARTA 2 | F91: BEKASI | G91: KCP CIBUBUR | H91: SPV Eka Ananda | I91: Intan Santoso | J91: S0402001 | K91: Pra Pensiun | L91: Referal Cabang | M91: Payroll | N91: Panas | O91: 4 | P91: 15 | Q91: Koordinasi Cabang | R91: 46176 | S91: 27 | T91: 335000000 | U91: Belum Cair | V91: Sebagian | W91: Perlu validasi plafond | Y91: Konfirmasi komitmen | Z91: Bottleneck tahap akhir. | AA91: Activity tinggi namun hasil rendah | AB91: Bottleneck tahap akhir | AC91: Activity tinggi namun hasil rendah
A92: CASE-00091 | B92: 46176 | C92: 2026-06 | D92: W1 | E92: RO ACEH | F92: ACEH TIMUR | G92: KC LHOKSEUMAWE | H92: SPV Hendra Pratama | I92: Gita Ananda | J92: S0101003 | K92: Pensiun Berkah | L92: Database Internal | M92: ASN | N92: Pemberkasan | O92: 5 | P92: 12 | Q92: Reminder Pemberkasan | R92: 46174 | S92: 29 | T92: 230000000 | U92: Belum Cair | V92: Perlu Revisi | W92: Berkas perlu revisi | Y92: Eskalasi revisi dokumen | Z92: Bottleneck tahap akhir. | AA92: Bottleneck tahap akhir | AB92: Bottleneck tahap akhir | AC92: Bottleneck tahap akhir
A93: CASE-00092 | B93: 46182 | C93: 2026-06 | D93: W2 | E93: RO MAKASSAR | F93: MAROS | G93: KC GOWA | H93: SPV Dewi Aulia | I93: Eka Santoso | J93: S0801005 | K93: Pensiun Berkah | L93: Database Internal | M93: Payroll | N93: Pemberkasan | O93: 5 | P93: 10 | Q93: Validasi Data | R93: 46178 | S93: 25 | T93: 85000000 | U93: Belum Cair | V93: Perlu Revisi | W93: Koordinasi cabang belum selesai | Y93: Monitor status pengajuan | Z93: Bottleneck tahap akhir. | AA93: Pipeline matang stabil | AB93: Bottleneck tahap akhir | AC93: Pipeline matang stabil
A94: CASE-00093 | B94: 46184 | C94: 2026-06 | D94: W2 | E94: RO ACEH | F94: BANDA ACEH | G94: KCP SAKTI | H94: SPV Jihan Fauzi | I94: Bella Utami | J94: S0102003 | K94: Pra Pensiun | L94: Referal Cabang | M94: Swasta | N94: Pemberkasan | O94: 5 | P94: 8 | Q94: Follow-up Telepon | R94: 46178 | S94: 25 | T94: 444000000 | U94: Batal Cair | V94: Lengkap | W94: Koordinasi cabang belum selesai | X94: Kendala administrasi | Y94: Monitor status pengajuan | Z94: Bottleneck tahap akhir. | AA94: Bottleneck tahap akhir | AB94: Bottleneck tahap akhir | AC94: Bottleneck tahap akhir
A95: CASE-00094 | B95: 46195 | C95: 2026-06 | D95: W4 | E95: RO SURABAYA 1 | F95: GRESIK | G95: KC SIDOARJO | H95: SPV Lukman Lestari | I95: Jihan Permata | J95: S0702001 | K95: Mitraguna | L95: Sapa Kebun | M95: Non Payroll | N95: Pemberkasan | O95: 5 | P95: 12 | Q95: Koordinasi Cabang | R95: 46187 | S95: 16 | T95: 179000000 | U95: Belum Cair | V95: Lengkap | W95: Menunggu proses administrasi | Y95: Monitor status pengajuan | Z95: Bottleneck tahap akhir. | AA95: High performer | AB95: Bottleneck tahap akhir | AC95: High performer
A96: CASE-00095 | B96: 46201 | C96: 2026-06 | D96: W4 | E96: RO ACEH | F96: BANDA ACEH | G96: KCP SAKTI | H96: SPV Joko Lestari | I96: Wahyu Fauzi | J96: S0103004 | K96: Top Up Pensiun | L96: Sapa Kebun | M96: Pensiunan | N96: Panas | O96: 4 | P96: 18 | Q96: Reminder Pemberkasan | R96: 46195 | S96: 8 | T96: 187000000 | U96: Belum Cair | V96: Sebagian | W96: Menunggu jadwal collect dokumen | X96: Menunggu jadwal proses | Y96: Collect dokumen | Z96: Bottleneck tahap akhir. | AA96: Bottleneck tahap akhir | AB96: Bottleneck tahap akhir | AC96: Bottleneck tahap akhir
A97: CASE-00096 | B97: 46181 | C97: 2026-06 | D97: W2 | E97: RO ACEH | F97: BANDA ACEH | G97: KCP BANDAR BARU | H97: SPV Hendra Pratama | I97: Dimas Saputra | J97: S0101005 | K97: Mitraguna | L97: Telemarketing | M97: ASN | N97: Panas | O97: 4 | P97: 10 | Q97: Validasi Data | R97: 46174 | S97: 29 | T97: 343000000 | U97: Belum Cair | V97: Perlu Revisi | W97: Menunggu komitmen nasabah | Y97: Collect dokumen | Z97: Bottleneck tahap akhir. | AA97: Bottleneck tahap akhir | AB97: Bottleneck tahap akhir | AC97: Bottleneck tahap akhir
A98: CASE-00097 | B98: 46199 | C98: 2026-06 | D98: W4 | E98: RO JAKARTA 2 | F98: JAKARTA TIMUR | G98: KCP PASAR MINGGU | H98: SPV Eka Ananda | I98: Intan Santoso | J98: S0402001 | K98: Pra Pensiun | L98: Telemarketing | M98: BUMN | N98: Dingin | O98: 2 | P98: 6 | Q98: Follow-up WA | R98: 46198 | S98: 5 | T98: 439000000 | U98: Belum Cair | V98: Sebagian | W98: Nasabah masih membandingkan opsi | Y98: Segmentasi ulang prospek | Z98: Perlu monitoring. | AA98: Activity tinggi namun hasil rendah | AB98: Perlu monitoring | AC98: Activity tinggi namun hasil rendah
A99: CASE-00098 | B99: 46180 | C99: 2026-06 | D99: W1 | E99: RO MEDAN | F99: DELI SERDANG | G99: KCP MARELAN | H99: SPV Ulfa Saputra | I99: Galih Santoso | J99: S0203006 | K99: Mitraguna | L99: Database Internal | M99: BUMN | N99: Tidak Bertemu | O99: 1 | P99: 9 | Q99: Validasi Data | R99: 46173 | S99: 30 | T99: 165000000 | U99: Belum Cair | V99: Belum Ada | W99: Jadwal kunjungan belum sesuai | Y99: Follow-up ulang H+1 | Z99: Perlu monitoring. | AA99: Kinerja seimbang | AB99: Perlu monitoring | AC99: Kinerja seimbang
A100: CASE-00099 | B100: 46177 | C100: 2026-06 | D100: W1 | E100: RO SURABAYA 1 | F100: SIDOARJO | G100: KCP MANYAR | H100: SPV Taufik Rahman | I100: Qori Pertiwi | J100: S0703006 | K100: Pra Pensiun | L100: Referal Cabang | M100: ASN | N100: Panas | O100: 4 | P100: 16 | Q100: Collect Dokumen | R100: 46172 | S100: 31 | T100: 475000000 | U100: Belum Cair | V100: Sebagian | W100: Menunggu komitmen nasabah | Y100: Konfirmasi komitmen | Z100: Bottleneck tahap akhir. | AA100: High performer | AB100: Bottleneck tahap akhir | AC100: High performer
A101: CASE-00100 | B101: 46194 | C101: 2026-06 | D101: W3 | E101: RO MEDAN | F101: MEDAN KOTA | G101: KCP MARELAN | H101: SPV Galih Syahputra | I101: Sinta Wijaya | J101: S0202004 | K101: Mitraguna | L101: Event Sosialisasi | M101: Non Payroll | N101: Panas | O101: 4 | P101: 6 | Q101: Validasi Data | R101: 46192 | S101: 11 | T101: 135000000 | U101: Belum Cair | V101: Perlu Revisi | W101: Menunggu jadwal collect dokumen | X101: Menunggu jadwal proses | Y101: Eskalasi jika tertahan | Z101: Bottleneck tahap akhir. | AA101: Kinerja seimbang | AB101: Bottleneck tahap akhir | AC101: Kinerja seimbang
A102: CASE-00101 | B102: 46181 | C102: 2026-06 | D102: W2 | E102: RO SEMARANG | F102: SEMARANG KOTA | G102: KC SEMARANG | H102: SPV Rahma Ananda | I102: Jihan Pertiwi | J102: S0602004 | K102: Pensiun Reguler | L102: Telemarketing | M102: Pensiunan | N102: Panas | O102: 4 | P102: 5 | Q102: Collect Dokumen | R102: 46177 | S102: 26 | T102: 198000000 | U102: Belum Cair | V102: Sebagian | W102: Perlu validasi plafond | X102: Menunggu kelengkapan dokumen | Y102: Collect dokumen | Z102: Bottleneck tahap akhir. | AA102: Pipeline menengah berkembang | AB102: Bottleneck tahap akhir | AC102: Pipeline menengah berkembang
...

Sheet Summary_Check
A1: Sales Field Intelligence Data - Summary Check | B1: Sales Field Intelligence Dummy Data - Summary Check | C1: Sales Field Intelligence Dummy Data - Summary Check | D1: Sales Field Intelligence Dummy Data - Summary Check | E1: Sales Field Intelligence Dummy Data - Summary Check | F1: Sales Field Intelligence Dummy Data - Summary Check
A3: Total Rows | B3: =COUNTA(Pipeline_Activity_Data!$A:$A)-1 -> 2500
A4: Total Activity | B4: =SUM(Pipeline_Activity_Data!$P:$P) -> 23798
A5: Total Plafond | B5: =SUM(Pipeline_Activity_Data!$T:$T) -> 491331000000
A6: Jumlah Cair | B6: =COUNTIF(Pipeline_Activity_Data!$U:$U,"Cair")+COUNTIF(Pipeline_Activity_Data!$U:$U,"Sudah Cair")+COUNTIF(Pipeline_Activity_Data!$U:$U,"Terealisasi") -> 215
A7: Pipeline Tahap Awal | B7: =COUNTIF(Pipeline_Activity_Data!$N:$N,"Tidak Bertemu")+COUNTIF(Pipeline_Activity_Data!$N:$N,"Dingin") -> 700
A8: Pipeline Tahap Matang | B8: =COUNTIF(Pipeline_Activity_Data!$N:$N,"Panas")+COUNTIF(Pipeline_Activity_Data!$N:$N,"Pemberkasan")+COUNTIF(Pipeline_Activity_Data!$N:$N,"Perjanjian") -> 1068
A9: Periode | B9: 2026-06
A10: Jumlah Region | B10: =COUNTA(_xludf.UNIQUE(Pipeline_Activity_Data!$E$2:$E$2501)) -> 1
A13: Stage | B13: Jumlah Pipeline | C13: Total Activity | D13: Total Plafond
A14: Tidak Bertemu | B14: =COUNTIF(Pipeline_Activity_Data!$N:$N,A14) -> 311 | C14: =SUMIF(Pipeline_Activity_Data!$N:$N,A14,Pipeline_Activity_Data!$P:$P) -> 2289 | D14: =SUMIF(Pipeline_Activity_Data!$N:$N,A14,Pipeline_Activity_Data!$T:$T) -> 59113000000
A15: Dingin | B15: =COUNTIF(Pipeline_Activity_Data!$N:$N,A15) -> 389 | C15: =SUMIF(Pipeline_Activity_Data!$N:$N,A15,Pipeline_Activity_Data!$P:$P) -> 2995 | D15: =SUMIF(Pipeline_Activity_Data!$N:$N,A15,Pipeline_Activity_Data!$T:$T) -> 72399000000
A16: Hangat | B16: =COUNTIF(Pipeline_Activity_Data!$N:$N,A16) -> 517 | C16: =SUMIF(Pipeline_Activity_Data!$N:$N,A16,Pipeline_Activity_Data!$P:$P) -> 4229 | D16: =SUMIF(Pipeline_Activity_Data!$N:$N,A16,Pipeline_Activity_Data!$T:$T) -> 97748000000
A17: Panas | B17: =COUNTIF(Pipeline_Activity_Data!$N:$N,A17) -> 530 | C17: =SUMIF(Pipeline_Activity_Data!$N:$N,A17,Pipeline_Activity_Data!$P:$P) -> 5179 | D17: =SUMIF(Pipeline_Activity_Data!$N:$N,A17,Pipeline_Activity_Data!$T:$T) -> 107491000000
A18: Pemberkasan | B18: =COUNTIF(Pipeline_Activity_Data!$N:$N,A18) -> 360 | C18: =SUMIF(Pipeline_Activity_Data!$N:$N,A18,Pipeline_Activity_Data!$P:$P) -> 3960 | D18: =SUMIF(Pipeline_Activity_Data!$N:$N,A18,Pipeline_Activity_Data!$T:$T) -> 73052000000
A19: Perjanjian | B19: =COUNTIF(Pipeline_Activity_Data!$N:$N,A19) -> 178 | C19: =SUMIF(Pipeline_Activity_Data!$N:$N,A19,Pipeline_Activity_Data!$P:$P) -> 2157 | D19: =SUMIF(Pipeline_Activity_Data!$N:$N,A19,Pipeline_Activity_Data!$T:$T) -> 36290000000
A20: Cair | B20: =COUNTIF(Pipeline_Activity_Data!$N:$N,A20) -> 215 | C20: =SUMIF(Pipeline_Activity_Data!$N:$N,A20,Pipeline_Activity_Data!$P:$P) -> 2989 | D20: =SUMIF(Pipeline_Activity_Data!$N:$N,A20,Pipeline_Activity_Data!$T:$T) -> 45238000000

Sheet Data_Dictionary
A1: Kolom | B1: Tipe Data | C1: Wajib untuk Analyzer | D1: Keterangan
A2: Case ID | B2: Text | C2: Tidak | D2: ID unik untuk setiap baris pipeline.
A3: Tanggal | B3: Date | C3: Ya - periode | D3: Tanggal aktivitas atau update pipeline.
A4: Periode | B4: Text | C4: Ya - periode | D4: Format YYYY-MM untuk filter periode.
A5: Minggu | B5: Text | C5: Tidak | D5: Bucket minggu dalam bulan.
A6: Region | B6: Text | C6: Ya | D6: Region/RO untuk analisis wilayah.
A7: Area | B7: Text | C7: Opsional | D7: Area dalam region.
A8: Cabang | B8: Text | C8: Ya | D8: Cabang/KC/KCP terkait.
A9: Supervisor | B9: Text | C9: Ya | D9: Leader/Supervisor/KOREA/ASM untuk coaching.
A10: Sales | B10: Text | C10: Ya | D10: Nama Sales/SF.
A11: NIP Sales | B11: Text | C11: Tidak | D11: ID Sales
A12: Produk | B12: Text | C12: Opsional | D12: Produk pembiayaan.
... A30: Expected Insight Label | B30: Text | C30: Tidak | D30: Label ekspektasi insight untuk validasi manual.

Sheet Testing_Guide
A1: Sales Field Intelligence Testing Guide
A2: Tujuan
A3: Workbook ini dibuat untuk menguji Excel Analyzer, model router, RAG, dan chat loop Sales Field Intelligence Chatbot.
A4: Cara pakai di Colab
A5: 1. Upload file ini pada cell Excel Upload.
A6: 2. Pilih sheet Pipeline_Activity_Data.
A7: 3. Jalankan deteksi kolom, cleaning, summary, dan build excel_analysis_context.
A8: 4. Jalankan /excelstatus dan /quicksummary pada chat loop V2.
A9: 5. Uji pertanyaan berbasis data dan pastikan route menjadi excel_analyzer_gemini.
A10: Contoh Pertanyaan Testing
A11: Berdasarkan data Excel, buatkan ringkasan pipeline dan activity.
A12: Sales mana yang perlu menjadi prioritas coaching?
... A18: Chatbot harus menjawab berdasarkan summary data. Jika penyebab spesifik tidak tersedia, chatbot hanya boleh menyebut area validasi.

Sheet Expected_Patterns
A1: No | B1: Pola yang Ditanam | C1: Expected Route/Jawaban | D1: Catatan Validasi
A2: 1 | B2: RO SURABAYA 1 memiliki profil top performer | C2: Region ini cenderung muncul sebagai wilayah dengan konversi lebih baik | D2: Dibuat dengan stage Cair lebih tinggi daripada region lain
A3: 2 | B3: RO JAKARTA 1 didominasi stage awal | C3: Chatbot harus memberi rekomendasi validasi database dan follow-up awal | D3: Profil early_low_activity
A4: 3 | B4: RO JAKARTA 2 activity tinggi tetapi hasil rendah | C4: Chatbot harus menyoroti kualitas follow-up dan bottleneck | D4: Profil high_activity_low_result
A5: 4 | B5: RO ACEH memiliki pipeline matang tetapi bottleneck | C5: Chatbot harus menyoroti Panas/Pemberkasan yang perlu validasi | D5: Profil mature_bottleneck
A6: 5 | B6: Belum Cair/Batal Cair/Reject sengaja dibuat | C6: Analyzer tidak boleh menghitung Belum Cair sebagai Cair | D6: Untuk test fix is_cair
A7: 6 | B7: Kolom melebihi kebutuhan minimal | C7: Column detection tetap menemukan Sales, Supervisor, Region, Cabang, Stage, Activity, Status Cair, Plafond | D7: Untuk test fleksibilitas analyzer
A8: 7 | B8: Data memiliki kendala dan alasan reject | C8: Chatbot boleh menyebut area validasi, bukan mengarang penyebab di luar data | D8: Untuk test anti-halusinasi
